"AreaID","Area","Type","InitiationDate","DisplayOrder","Height_rel_MLLW_cm","Length_cm","Width_cm","s_ColLineage","s_Generation","s_GUID","s_Lineage"
1,"Unspecified","Natural",,1,,,,,0,,
22,"A","Experimental",,2,523,,,,0,,
23,"B","Experimental",,3,496,,,,0,,
24,"C","Experimental",,4,523,,,,0,,
25,"D","Experimental",,5,569,,,,0,,
26,"E","Experimental",,6,553,,,,0,,
27,"F","Experimental",,7,603,,,,0,,
28,"G","Experimental",,8,492,,,,0,,
29,"AB","Experimental",,9,481,,,,0,,
30,"AC","Experimental",,10,550,,,,0,,
31,"AD","Experimental",,11,562,,,,0,,
32,"AE","Experimental",,12,512,,,,0,,
33,"AF","Experimental",,13,529,,,,0,,
34,"AG","Experimental",,14,204,,,,0,,
35,"BB","Experimental",,15,587,,,,0,,
36,"BC","Experimental",,16,574,,,,0,,
37,"BD","Experimental",,17,491,,,,0,,
38,"BE","Experimental",,18,561,,,,0,,
39,"BF","Experimental",,19,577,,,,0,,
444919195,"AA1","Natural",,20,,,,,12,,
-1231616448,"AA2","Natural",,21,,,,,12,,
405379393,"AA3","Natural",,22,,,,,12,,
1782601326,"AA4","Natural",,23,,,,,12,,
1886782807,"AA5","Natural",,24,,,,,12,,
-1337255348,"AA6","Natural",,25,,,,,12,,
-1915492515,"AA7","Natural",,26,,,,,12,,
375208282,"AA8","Natural",,27,,,,,12,,
-999690029,"AA9","Natural",,28,,,,,12,,
180152088,"AA10","Natural",,29,,,,,12,,
-388747463,"AA11","Natural",,30,,,,,12,,
16352006,"AA12","Natural",,31,,,,,12,,
2064870415,"AA13","Natural",,32,,,,,12,,
239040676,"AA14","Natural",,33,,,,,12,,
2089520341,"AA15","Natural",,34,,,,,12,,
290398066,"AA16","Natural",,35,,,,,12,,
1135145739,"AA17","Natural",,36,,,,,12,,
2060360432,"AA18","Natural",,37,,,,,12,,
1099226161,"AA19","Natural",,38,,,,,12,,
-1183925602,"AA20","Natural",,39,,,,,12,,
1438713684,"BV1","Natural",,40,,,,,331,,
-1333542459,"SH1","Natural",,41,,,,,331,,
-1082126942,"SH2","Natural",,42,,,,,331,,
1950478715,"IS1","Natural",,43,,,,,331,,
-431229792,"MN1","Natural",,44,,,,,331,,
-1054752735,"MN2","Natural",,45,,,,,331,,
